,Title,Year,Genre,Duration,Origin,Director,IMDB rating,Rating count,IMDB link
1,The Shawshank Redemption,1994,Drama,2h 22min,USA,Frank Darabont,9.3,2030817,https://www.imdb.com/title/tt0111161
2,The Godfather,1972,Drama | Crime,2h 55min,USA,Francis Ford Coppola,9.2,1392322,https://www.imdb.com/title/tt0068646
3,The Godfather: Part II,1974,Drama | Crime,3h 22min,USA,Francis Ford Coppola,9.0,964841,https://www.imdb.com/title/tt0071562
4,The Dark Knight,2008,Drama | Action | Thriller | Crime,2h 32min,USA | UK,Christopher Nolan,9.0,1998623,https://www.imdb.com/title/tt0468569
5,12 Angry Men,1957,Drama,1h 36min,USA,Sidney Lumet,8.9,571145,https://www.imdb.com/title/tt0050083
6,Schindler's List,1993,Drama | Biography | History,3h 15min,USA,Steven Spielberg,8.9,1050056,https://www.imdb.com/title/tt0108052
7,The Lord of the Rings: The Return of the King,2003,Drama | Adventure | Fantasy | Action,3h 21min,USA | New Zealand,Peter Jackson,8.9,1445888,https://www.imdb.com/title/tt0167260
8,Pulp Fiction,1994,Drama | Crime,2h 34min,USA,Quentin Tarantino,8.9,1585797,https://www.imdb.com/title/tt0110912
9,"Il buono, il brutto, il cattivo",1966,Western,2h 41min,West Germany | Italy | Spain,Sergio Leone,8.9,602707,https://www.imdb.com/title/tt0060196
10,Fight Club,1999,Drama,2h 19min,USA | Germany,David Fincher,8.8,1625021,https://www.imdb.com/title/tt0137523
11,The Lord of the Rings: The Fellowship of the Ring,2001,Drama | Fantasy | Adventure,2h 58min,USA | New Zealand,Peter Jackson,8.8,1462502,https://www.imdb.com/title/tt0120737
12,Forrest Gump,1994,Drama | Romance,2h 22min,USA,Robert Zemeckis,8.8,1550083,https://www.imdb.com/title/tt0109830
13,Star Wars: Episode V - The Empire Strikes Back,1980,Adventure | Fantasy | Action,2h 4min,USA,Irvin Kershner,8.8,1019768,https://www.imdb.com/title/tt0080684
14,Inception,2010,Adventure | Action | Thriller,2h 28min,USA | UK,Christopher Nolan,8.8,1778263,https://www.imdb.com/title/tt1375666
15,The Lord of the Rings: The Two Towers,2002,Drama | Fantasy | Adventure,2h 59min,USA | New Zealand,Peter Jackson,8.7,1307197,https://www.imdb.com/title/tt0167261
16,One Flew Over the Cuckoo's Nest,1975,Drama,2h 13min,USA,Milos Forman,8.7,806868,https://www.imdb.com/title/tt0073486
17,Goodfellas,1990,Drama | Crime,2h 26min,USA,Martin Scorsese,8.7,875941,https://www.imdb.com/title/tt0099685
18,The Matrix,1999,Action,2h 16min,USA,Lana Wachowski,8.7,1457616,https://www.imdb.com/title/tt0133093
19,Shichinin no samurai,1954,Drama | Adventure,3h 27min,Japan,Akira Kurosawa,8.7,275127,https://www.imdb.com/title/tt0047478
20,Cidade de Deus,2002,Drama | Crime,2h 10min,Brazil | France,Fernando Meirelles,8.6,627143,https://www.imdb.com/title/tt0317248
21,Se7en,1995,Drama | Thriller | Mystery | Crime,2h 7min,USA,David Fincher,8.6,1242595,https://www.imdb.com/title/tt0114369
22,Star Wars,1977,Adventure | Fantasy | Action,2h 1min,USA,George Lucas,8.6,1089777,https://www.imdb.com/title/tt0076759
23,The Silence of the Lambs,1991,Drama | Thriller | Crime,1h 58min,USA,Jonathan Demme,8.6,1091651,https://www.imdb.com/title/tt0102926
24,It's a Wonderful Life,1946,Drama | Fantasy | Family,2h 10min,USA,Frank Capra,8.6,344954,https://www.imdb.com/title/tt0038650
25,La vita è bella,1997,War | Drama | Comedy | Romance,1h 56min,Italy,Roberto Benigni,8.6,532275,https://www.imdb.com/title/tt0118799
26,The Usual Suspects,1995,Thriller | Mystery | Crime,1h 46min,USA | Germany,Bryan Singer,8.6,881292,https://www.imdb.com/title/tt0114814
27,Sen to Chihiro no kamikakushi,2001,Adventure | Animation | Mystery | Family | Fantasy,2h 5min,Japan,Hayao Miyazaki,8.6,535660,https://www.imdb.com/title/tt0245429
28,Saving Private Ryan,1998,Drama | War,2h 49min,USA,Steven Spielberg,8.6,1071815,https://www.imdb.com/title/tt0120815
29,Léon,1994,Drama | Thriller | Crime,1h 50min,France,Luc Besson,8.6,892329,https://www.imdb.com/title/tt0110413
30,Spider-Man: Into the Spider-Verse,2018,Comedy | Adventure | Animation | Family | Action,1h 57min,USA,Bob Persichetti,8.7,43084,https://www.imdb.com/title/tt4633694
31,The Green Mile,1999,Drama | Fantasy | Mystery | Crime,3h 9min,USA,Frank Darabont,8.5,974912,https://www.imdb.com/title/tt0120689
32,Interstellar,2014,Drama | Adventure,2h 49min,USA | UK,Christopher Nolan,8.6,1240319,https://www.imdb.com/title/tt0816692
33,Psycho,1960,Thriller | Horror | Mystery,1h 49min,USA,Alfred Hitchcock,8.5,519103,https://www.imdb.com/title/tt0054215
34,American History X,1998,Drama,1h 59min,USA,Tony Kaye,8.5,925585,https://www.imdb.com/title/tt0120586
35,City Lights,1931,Drama | Comedy | Romance,1h 27min,USA,Charles Chaplin,8.5,141114,https://www.imdb.com/title/tt0021749
36,C'era una volta il West,1968,Western,2h 45min,Italy | USA,Sergio Leone,8.5,263465,https://www.imdb.com/title/tt0064116
37,Casablanca,1942,War | Drama | Romance,1h 42min,USA,Michael Curtiz,8.5,462996,https://www.imdb.com/title/tt0034583
38,Modern Times,1936,Drama | Comedy | Romance | Family,1h 27min,USA,Charles Chaplin,8.5,183223,https://www.imdb.com/title/tt0027977
39,The Pianist,2002,Drama | Biography | War | Music,2h 30min,France | USA | Poland | UK | Germany,Roman Polanski,8.5,618407,https://www.imdb.com/title/tt0253474
40,Intouchables,2011,Drama | Biography | Comedy,1h 52min,France,Olivier Nakache,8.5,648678,https://www.imdb.com/title/tt1675434
41,The Departed,2006,Drama | Thriller | Crime,2h 31min,Hong Kong | USA,Martin Scorsese,8.5,1043844,https://www.imdb.com/title/tt0407887
42,Terminator 2: Judgment Day,1991,Action,2h 17min,France | USA,James Cameron,8.5,880764,https://www.imdb.com/title/tt0103064
43,Back to the Future,1985,Comedy | Adventure,1h 56min,USA,Robert Zemeckis,8.5,901606,https://www.imdb.com/title/tt0088763
44,Whiplash,2014,Drama | Music,1h 46min,USA,Damien Chazelle,8.5,586547,https://www.imdb.com/title/tt2582802
45,Rear Window,1954,Thriller | Mystery,1h 52min,USA,Alfred Hitchcock,8.5,386355,https://www.imdb.com/title/tt0047396
46,Raiders of the Lost Ark,1981,Adventure | Action,1h 55min,USA,Steven Spielberg,8.5,786682,https://www.imdb.com/title/tt0082971
47,The Lion King ,1994,Adventure | Animation | Family | Drama | Musical,1h 28min,USA,Roger Allers,8.5,803787,https://www.imdb.com/title/tt0110357
48,Gladiator,2000,Drama | Adventure | Action,2h 35min,USA | UK,Ridley Scott,8.5,1174412,https://www.imdb.com/title/tt0172495
49,The Prestige,2006,Drama | Thriller | Mystery,2h 10min,USA | UK,Christopher Nolan,8.5,1032561,https://www.imdb.com/title/tt0482571
50,Apocalypse Now,1979,Drama | War,2h 27min,USA,Francis Ford Coppola,8.5,532507,https://www.imdb.com/title/tt0078788
51,Memento,2000,Thriller | Mystery,1h 53min,USA,Christopher Nolan,8.5,1005884,https://www.imdb.com/title/tt0209144
52,Alien,1979,Horror,1h 56min,USA | UK,Ridley Scott,8.5,692470,https://www.imdb.com/title/tt0078748
53,The Great Dictator,1940,Drama | Comedy | War,2h 5min,USA,Charles Chaplin,8.5,174358,https://www.imdb.com/title/tt0032553
54,Nuovo Cinema Paradiso,1988,Drama,2h 35min,Italy | France,Giuseppe Tornatore,8.5,194020,https://www.imdb.com/title/tt0095765
55,Hotaru no haka,1988,War | Drama | Animation,1h 29min,Japan,Isao Takahata,8.5,187476,https://www.imdb.com/title/tt0095327
56,Avengers: Infinity War,2018,Adventure | Fantasy | Action,2h 29min,USA,Anthony Russo,8.5,547495,https://www.imdb.com/title/tt4154756
57,Sunset Blvd.,1950,Drama,1h 50min,USA,Billy Wilder,8.4,173457,https://www.imdb.com/title/tt0043014
58,Das Leben der Anderen,2006,Drama | Thriller,2h 17min,Germany,Florian Henckel von Donnersmarck,8.4,313501,https://www.imdb.com/title/tt0405094
59,Dr. Strangelove or: How I Learned to Stop Worrying and Love the Bomb,1964,Comedy,1h 35min,USA | UK,Stanley Kubrick,8.4,404880,https://www.imdb.com/title/tt0057012
60,Paths of Glory,1957,Drama | War,1h 28min,USA,Stanley Kubrick,8.4,151017,https://www.imdb.com/title/tt0050825
61,The Shining,1980,Drama | Horror,2h 26min,USA | UK,Stanley Kubrick,8.4,753633,https://www.imdb.com/title/tt0081505
62,Django Unchained,2012,Drama | Western,2h 45min,USA,Quentin Tarantino,8.4,1170940,https://www.imdb.com/title/tt1853728
63,WALL·E,2008,Adventure | Animation | Family,1h 38min,USA,Andrew Stanton,8.4,877732,https://www.imdb.com/title/tt0910970
64,Mononoke-hime,1997,Adventure | Fantasy | Animation,2h 14min,Japan,Hayao Miyazaki,8.4,283982,https://www.imdb.com/title/tt0119698
65,Witness for the Prosecution,1957,Drama | Thriller | Mystery | Crime,1h 56min,USA,Billy Wilder,8.4,87838,https://www.imdb.com/title/tt0051201
66,American Beauty,1999,Drama,2h 2min,USA,Sam Mendes,8.4,966877,https://www.imdb.com/title/tt0169547
67,The Dark Knight Rises,2012,Action | Thriller,2h 44min,USA | UK,Christopher Nolan,8.4,1349163,https://www.imdb.com/title/tt1345836
68,Oldeuboi,2003,Thriller | Drama | Action | Mystery,2h,South Korea,Chan-wook Park,8.4,443353,https://www.imdb.com/title/tt0364569
69,Aliens,1986,Adventure | Action | Thriller,2h 17min,USA,James Cameron,8.4,584962,https://www.imdb.com/title/tt0090605
70,Once Upon a Time in America,1984,Drama | Crime,3h 49min,Italy | USA,Sergio Leone,8.4,268592,https://www.imdb.com/title/tt0087843
71,Coco,2017,Comedy | Adventure | Animation | Family | Mystery | Music | Fantasy,1h 45min,USA,Lee Unkrich,8.4,244493,https://www.imdb.com/title/tt2380307
72,Das Boot,1981,War | Drama | Adventure | Thriller,2h 29min,West Germany,Wolfgang Petersen,8.4,203245,https://www.imdb.com/title/tt0082096
73,Citizen Kane,1941,Drama | Mystery,1h 59min,USA,Orson Welles,8.4,354474,https://www.imdb.com/title/tt0033467
74,Braveheart,1995,Drama | Biography | War | History,2h 58min,USA,Mel Gibson,8.4,871297,https://www.imdb.com/title/tt0112573
75,Vertigo,1958,Thriller | Romance | Mystery,2h 8min,USA,Alfred Hitchcock,8.3,310177,https://www.imdb.com/title/tt0052357
76,North by Northwest,1959,Thriller | Adventure | Mystery,2h 16min,USA,Alfred Hitchcock,8.3,264213,https://www.imdb.com/title/tt0053125
77,Reservoir Dogs,1992,Drama | Thriller | Crime,1h 39min,USA,Quentin Tarantino,8.3,798275,https://www.imdb.com/title/tt0105236
78,Star Wars: Episode VI - Return of the Jedi,1983,Adventure | Fantasy | Action,2h 11min,USA,Richard Marquand,8.3,836522,https://www.imdb.com/title/tt0086190
79,M - Eine Stadt sucht einen Mörder,1931,Thriller | Mystery | Crime,1h 57min,Germany,Fritz Lang,8.3,123555,https://www.imdb.com/title/tt0022100
80,Kimi no na wa.,2016,Drama | Romance | Fantasy | Animation,1h 46min,Japan,Makoto Shinkai,8.4,117390,https://www.imdb.com/title/tt5311514
81,Amadeus,1984,Drama | Biography | History | Music,2h 40min,France | USA | Czechoslovakia,Milos Forman,8.3,327416,https://www.imdb.com/title/tt0086879
82,Requiem for a Dream,2000,Drama,1h 42min,USA,Darren Aronofsky,8.3,682068,https://www.imdb.com/title/tt0180093
83,Dangal,2016,Drama | Biography | Action | Sport,2h 41min,India,Nitesh Tiwari,8.5,111750,https://www.imdb.com/title/tt5074352
84,Taare Zameen Par,2007,Drama | Family,2h 45min,India,Aamir Khan,8.4,134196,https://www.imdb.com/title/tt0986264
85,Lawrence of Arabia,1962,Biography | Adventure | Drama | War | History,3h 36min,UK,David Lean,8.3,235059,https://www.imdb.com/title/tt0056172
86,Eternal Sunshine of the Spotless Mind,2004,Drama | Romance,1h 48min,USA,Michel Gondry,8.3,801164,https://www.imdb.com/title/tt0338013
87,A Clockwork Orange,1971,Drama | Crime,2h 16min,USA | UK,Stanley Kubrick,8.3,668899,https://www.imdb.com/title/tt0066921
88,3 Idiots,2009,Drama | Comedy,2h 50min,India,Rajkumar Hirani,8.4,288467,https://www.imdb.com/title/tt1187043
89,2001: A Space Odyssey,1968,Adventure,2h 29min,USA | UK,Stanley Kubrick,8.3,524990,https://www.imdb.com/title/tt0062622
90,Le fabuleux destin d'Amélie Poulain,2001,Comedy | Romance,2h 2min,France | Germany,Jean-Pierre Jeunet,8.3,635721,https://www.imdb.com/title/tt0211915
91,Toy Story,1995,Comedy | Adventure | Animation | Family | Fantasy,1h 21min,USA,John Lasseter,8.3,765250,https://www.imdb.com/title/tt0114709
92,Double Indemnity,1944,Drama | Thriller | Mystery | Crime,1h 47min,USA,Billy Wilder,8.3,123317,https://www.imdb.com/title/tt0036775
93,Taxi Driver,1976,Drama | Crime,1h 54min,USA,Martin Scorsese,8.3,617068,https://www.imdb.com/title/tt0075314
94,Singin' in the Rain,1952,Comedy | Romance | Musical,1h 43min,USA,Stanley Donen,8.3,190158,https://www.imdb.com/title/tt0045152
95,Inglourious Basterds,2009,War | Drama | Adventure,2h 33min,USA | Germany,Quentin Tarantino,8.3,1082811,https://www.imdb.com/title/tt0361748
96,Full Metal Jacket,1987,Drama | War,1h 56min,USA | UK,Stanley Kubrick,8.3,590594,https://www.imdb.com/title/tt0093058
97,To Kill a Mockingbird,1962,Drama | Crime,2h 9min,USA,Robert Mulligan,8.3,264549,https://www.imdb.com/title/tt0056592
98,Ladri di biciclette,1948,Drama,1h 29min,Italy,Vittorio De Sica,8.3,122158,https://www.imdb.com/title/tt0040522
99,The Kid,1921,Drama | Comedy | Family,1h 8min,USA,Charles Chaplin,8.3,92519,https://www.imdb.com/title/tt0012349
100,The Sting,1973,Drama | Comedy | Crime,2h 9min,USA,George Roy Hill,8.3,213412,https://www.imdb.com/title/tt0070735
101,Good Will Hunting,1997,Drama | Romance,2h 6min,USA,Gus Van Sant,8.3,743204,https://www.imdb.com/title/tt0119217
102,Toy Story 3,2010,Comedy | Adventure | Animation | Family | Fantasy,1h 43min,USA,Lee Unkrich,8.3,660322,https://www.imdb.com/title/tt0435761
103,Jagten,2012,Drama,1h 55min,Sweden | Denmark,Thomas Vinterberg,8.3,231958,https://www.imdb.com/title/tt2106476
104,Snatch,2000,Comedy | Crime,1h 44min,USA | UK,Guy Ritchie,8.3,701543,https://www.imdb.com/title/tt0208092
105,Scarface,1983,Drama | Crime,2h 50min,USA,Brian De Palma,8.3,644950,https://www.imdb.com/title/tt0086250
106,Monty Python and the Holy Grail,1975,Comedy | Adventure | Fantasy,1h 31min,UK,Terry Gilliam,8.3,448627,https://www.imdb.com/title/tt0071853
107,Per qualche dollaro in più,1965,Western,2h 12min,West Germany | Italy | Spain,Sergio Leone,8.3,198469,https://www.imdb.com/title/tt0059578
108,L.A. Confidential,1997,Drama | Thriller | Mystery | Crime,2h 18min,USA,Curtis Hanson,8.3,482362,https://www.imdb.com/title/tt0119488
109,The Apartment,1960,Drama | Comedy | Romance,2h 5min,USA,Billy Wilder,8.3,138672,https://www.imdb.com/title/tt0053604
110,Metropolis,1927,Drama,2h 33min,Germany,Fritz Lang,8.3,138895,https://www.imdb.com/title/tt0017136
111,Jodaeiye Nader az Simin,2011,Drama,2h 3min,France | Iran,Asghar Farhadi,8.3,189745,https://www.imdb.com/title/tt1832382
112,Indiana Jones and the Last Crusade,1989,Adventure | Fantasy | Action,2h 7min,USA,Steven Spielberg,8.2,615110,https://www.imdb.com/title/tt0097576
113,Rashômon,1950,Drama | Mystery | Crime,1h 28min,Japan,Akira Kurosawa,8.3,129714,https://www.imdb.com/title/tt0042876
114,Up,2009,Adventure | Comedy | Animation | Family,1h 36min,USA,Pete Docter,8.3,817536,https://www.imdb.com/title/tt1049413
115,All About Eve,1950,Drama,2h 18min,USA,Joseph L. Mankiewicz,8.3,104509,https://www.imdb.com/title/tt0042192
116,Batman Begins,2005,Adventure | Action | Thriller,2h 20min,USA | UK,Christopher Nolan,8.3,1160328,https://www.imdb.com/title/tt0372784
117,Yôjinbô,1961,Drama | Action | Thriller,1h 50min,Japan,Akira Kurosawa,8.3,93969,https://www.imdb.com/title/tt0055630
118,Some Like It Hot,1959,Comedy | Romance,2h 1min,USA,Billy Wilder,8.2,213736,https://www.imdb.com/title/tt0053291
119,Unforgiven,1992,Drama | Western,2h 10min,USA,Clint Eastwood,8.2,331944,https://www.imdb.com/title/tt0105695
120,Der Untergang,2004,Drama | Biography | War | History,2h 36min,Italy | Austria | Germany,Oliver Hirschbiegel,8.2,296980,https://www.imdb.com/title/tt0363163
121,Die Hard,1988,Action | Thriller,2h 12min,USA,John McTiernan,8.2,701825,https://www.imdb.com/title/tt0095016
122,The Treasure of the Sierra Madre,1948,Drama | Western | Adventure,2h 6min,USA,John Huston,8.2,99110,https://www.imdb.com/title/tt0040897
123,Heat,1995,Drama | Thriller | Crime,2h 50min,USA,Michael Mann,8.2,511042,https://www.imdb.com/title/tt0113277
124,Ikiru,1952,Drama,2h 23min,Japan,Akira Kurosawa,8.3,56861,https://www.imdb.com/title/tt0044741
125,Incendies,2010,Drama | War | Mystery,2h 11min,Canada | France,Denis Villeneuve,8.2,118365,https://www.imdb.com/title/tt1255953
126,Raging Bull,1980,Drama | Biography | Sport,2h 9min,USA,Martin Scorsese,8.2,280338,https://www.imdb.com/title/tt0081398
127,The Great Escape,1963,Thriller | Adventure | Drama | War | History,2h 52min,USA,John Sturges,8.2,200294,https://www.imdb.com/title/tt0057115
128,Bacheha-Ye aseman,1997,Drama | Family,1h 29min,Iran,Majid Majidi,8.3,49018,https://www.imdb.com/title/tt0118849
129,El laberinto del fauno,2006,Drama | Fantasy | War,1h 58min,Mexico | Spain | USA,Guillermo del Toro,8.2,557430,https://www.imdb.com/title/tt0457430
130,Babam ve Oglum,2005,Drama | Family,1h 48min,Turkey,Çagan Irmak,8.4,63111,https://www.imdb.com/title/tt0476735
131,Chinatown,1974,Drama | Thriller | Mystery,2h 10min,USA,Roman Polanski,8.2,259278,https://www.imdb.com/title/tt0071315
132,The Third Man,1949,Thriller | Mystery,1h 44min,UK,Carol Reed,8.2,139882,https://www.imdb.com/title/tt0041959
133,Bohemian Rhapsody,2018,Drama | Biography | Music,2h 14min,USA | UK,Bryan Singer,8.3,160843,https://www.imdb.com/title/tt1727824
134,Tonari no Totoro,1988,Fantasy | Animation | Family,1h 26min,Japan,Hayao Miyazaki,8.2,229502,https://www.imdb.com/title/tt0096283
135,Hauru no ugoku shiro,2004,Adventure | Fantasy | Animation | Family,1h 59min,Japan,Hayao Miyazaki,8.2,273103,https://www.imdb.com/title/tt0347149
136,Ran,1985,Drama | Action,2h 42min,France | Japan,Akira Kurosawa,8.2,97041,https://www.imdb.com/title/tt0089881
137,Judgment at Nuremberg,1961,Drama | War,3h 6min,USA,Stanley Kramer,8.2,59883,https://www.imdb.com/title/tt0055031
138,El secreto de sus ojos,2009,Thriller | Drama | Romance | Mystery,2h 9min,Argentina | Spain,Juan José Campanella,8.2,168096,https://www.imdb.com/title/tt1305806
139,The Gold Rush,1925,Drama | Comedy | Adventure | Family,1h 35min,USA,Charles Chaplin,8.2,86997,https://www.imdb.com/title/tt0015864
140,The Bridge on the River Kwai,1957,War | Drama | Adventure,2h 41min,USA | UK,David Lean,8.2,181884,https://www.imdb.com/title/tt0050212
141,A Beautiful Mind,2001,Drama | Biography,2h 15min,USA,Ron Howard,8.2,748421,https://www.imdb.com/title/tt0268978
142,"Lock, Stock and Two Smoking Barrels",1998,Comedy | Crime,1h 47min,UK,Guy Ritchie,8.2,482617,https://www.imdb.com/title/tt0120735
143,Casino,1995,Drama | Crime,2h 58min,France | USA,Martin Scorsese,8.2,402926,https://www.imdb.com/title/tt0112641
144,"Three Billboards Outside Ebbing, Missouri",2017,Drama | Comedy | Crime,1h 55min,USA | UK,Martin McDonagh,8.2,304426,https://www.imdb.com/title/tt5027774
145,On the Waterfront,1954,Drama | Thriller | Crime,1h 48min,USA,Elia Kazan,8.2,125509,https://www.imdb.com/title/tt0047296
146,Det sjunde inseglet,1957,Drama | Fantasy,1h 36min,Sweden,Ingmar Bergman,8.2,139262,https://www.imdb.com/title/tt0050976
147,Inside Out,2015,Comedy | Adventure | Animation | Family | Drama | Fantasy,1h 35min,USA,Pete Docter,8.2,512181,https://www.imdb.com/title/tt2096673
148,The Elephant Man,1980,Drama | Biography,2h 4min,USA | UK,David Lynch,8.2,195746,https://www.imdb.com/title/tt0080678
149,Room,2015,Drama | Thriller,1h 58min,Canada | UK | USA | Ireland,Lenny Abrahamson,8.2,296996,https://www.imdb.com/title/tt3170832
150,The Wolf of Wall Street,2013,Drama | Biography | Comedy | Crime,3h,USA,Martin Scorsese,8.2,995724,https://www.imdb.com/title/tt0993846
151,Mr. Smith Goes to Washington,1939,Drama | Comedy,2h 9min,USA,Frank Capra,8.2,96020,https://www.imdb.com/title/tt0031679
152,V for Vendetta,2005,Drama | Action | Thriller,2h 12min,Germany | USA | UK,James McTeigue,8.2,931242,https://www.imdb.com/title/tt0434409
153,Warrior,2011,Drama | Sport,2h 20min,USA,Gavin O'Connor,8.2,395333,https://www.imdb.com/title/tt1291584
154,Blade Runner,1982,Thriller,1h 57min,Hong Kong | USA,Ridley Scott,8.2,609845,https://www.imdb.com/title/tt0083658
155,Dial M for Murder,1954,Thriller | Crime,1h 45min,USA,Alfred Hitchcock,8.2,136579,https://www.imdb.com/title/tt0046912
156,Smultronstället,1957,Drama | Romance,1h 31min,Sweden,Ingmar Bergman,8.2,81634,https://www.imdb.com/title/tt0050986
157,The General,1926,Comedy | Adventure | Drama | Western | War | Action,1h 7min,USA,Clyde Bruckman,8.2,69712,https://www.imdb.com/title/tt0017925
158,No Country for Old Men,2007,Drama | Thriller | Crime,2h 2min,USA,Ethan Coen,8.1,744187,https://www.imdb.com/title/tt0477348
159,Trainspotting,1996,Drama,1h 33min,UK,Danny Boyle,8.2,575556,https://www.imdb.com/title/tt0117951
160,There Will Be Blood,2007,Drama,2h 38min,USA,Paul Thomas Anderson,8.1,451253,https://www.imdb.com/title/tt0469494
161,The Sixth Sense,1999,Drama | Thriller | Mystery,1h 47min,USA,M. Night Shyamalan,8.1,823878,https://www.imdb.com/title/tt0167404
162,Gone with the Wind,1939,War | Drama | Romance | History,3h 58min,USA,Victor Fleming,8.2,257825,https://www.imdb.com/title/tt0031381
163,The Thing,1982,Horror | Mystery,1h 49min,USA,John Carpenter,8.1,321159,https://www.imdb.com/title/tt0084787
164,Fargo,1996,Drama | Thriller | Crime,1h 38min,USA | UK,Joel Coen,8.1,546802,https://www.imdb.com/title/tt0116282
165,Gran Torino,2008,Drama,1h 56min,USA | Germany,Clint Eastwood,8.1,655216,https://www.imdb.com/title/tt1205489
166,Roma ,2018,Drama,2h 15min,Mexico | USA,Alfonso Cuarón,8.3,27550,https://www.imdb.com/title/tt6155172
167,The Deer Hunter,1978,Drama | War,3h 3min,USA | UK,Michael Cimino,8.1,277906,https://www.imdb.com/title/tt0077416
168,Finding Nemo,2003,Adventure | Comedy | Animation | Family,1h 40min,USA,Andrew Stanton,8.1,841886,https://www.imdb.com/title/tt0266543
169,Idi i smotri,1985,Drama | War,2h 22min,Soviet Union,Elem Klimov,8.2,41374,https://www.imdb.com/title/tt0091251
170,The Big Lebowski,1998,Comedy | Crime,1h 57min,USA | UK,Joel Coen,8.1,643306,https://www.imdb.com/title/tt0118715
171,Shutter Island,2010,Thriller | Mystery,2h 18min,USA,Martin Scorsese,8.1,971812,https://www.imdb.com/title/tt1130884
172,Sherlock Jr.,1924,Romance | Comedy | Action,45min,USA,Buster Keaton,8.2,31053,https://www.imdb.com/title/tt0015324
173,Kill Bill: Vol. 1,2003,Action | Thriller | Crime,1h 51min,USA,Quentin Tarantino,8.1,878087,https://www.imdb.com/title/tt0266697
174,Cool Hand Luke,1967,Drama | Crime,2h 6min,USA,Stuart Rosenberg,8.1,144360,https://www.imdb.com/title/tt0061512
175,Rebecca,1940,Thriller | Drama | Romance | Mystery,2h 10min,USA,Alfred Hitchcock,8.1,108181,https://www.imdb.com/title/tt0032976
176,Tôkyô monogatari,1953,Drama,2h 16min,Japan,Yasujirô Ozu,8.2,41895,https://www.imdb.com/title/tt0046438
177,Mary and Max,2009,Drama | Comedy | Animation,1h 32min,Australia,Adam Elliot,8.1,147400,https://www.imdb.com/title/tt0978762
178,Hacksaw Ridge,2016,Drama | Biography | War | History,2h 19min,USA | Australia,Mel Gibson,8.1,346132,https://www.imdb.com/title/tt2119532
179,Gone Girl,2014,Drama | Thriller | Mystery | Crime,2h 29min,USA,David Fincher,8.1,733285,https://www.imdb.com/title/tt2267998
180,How to Train Your Dragon,2010,Comedy | Adventure | Animation | Family | Fantasy | Action,1h 38min,USA,Dean DeBlois,8.1,588170,https://www.imdb.com/title/tt0892769
181,Sunrise: A Song of Two Humans,1927,Drama | Romance,1h 34min,USA,F.W. Murnau,8.2,41849,https://www.imdb.com/title/tt0018455
182,Relatos salvajes,2014,Drama | Comedy | Thriller,2h 2min,Argentina | Spain,Damián Szifron,8.1,144105,https://www.imdb.com/title/tt3011894
183,Jurassic Park,1993,Adventure | Thriller,2h 7min,USA,Steven Spielberg,8.1,758947,https://www.imdb.com/title/tt0107290
184,Into the Wild,2007,Drama | Biography | Adventure,2h 28min,USA,Sean Penn,8.1,512630,https://www.imdb.com/title/tt0758758
185,Life of Brian,1979,Comedy,1h 34min,UK,Terry Jones,8.1,325081,https://www.imdb.com/title/tt0079470
186,In the Name of the Father,1993,Drama | Biography,2h 13min,UK | USA | Ireland,Jim Sheridan,8.1,137634,https://www.imdb.com/title/tt0107207
187,The Truman Show,1998,Drama | Comedy,1h 43min,USA,Peter Weir,8.1,811714,https://www.imdb.com/title/tt0120382
188,The Grand Budapest Hotel,2014,Drama | Comedy | Adventure,1h 39min,USA | Germany,Wes Anderson,8.1,612840,https://www.imdb.com/title/tt2278388
189,Platoon,1986,Drama | War,2h,USA,Oliver Stone,8.1,343583,https://www.imdb.com/title/tt0091763
190,Stand by Me,1986,Drama | Adventure,1h 29min,USA,Rob Reiner,8.1,325574,https://www.imdb.com/title/tt0092005
191,It Happened One Night,1934,Comedy | Romance,1h 45min,USA,Frank Capra,8.1,82574,https://www.imdb.com/title/tt0025316
192,Eskiya ,1996,Drama | Thriller | Crime,2h 8min,Turkey | France | Bulgaria,Yavuz Turgul,8.3,53362,https://www.imdb.com/title/tt0116231
193,Network,1976,Drama,2h 1min,USA,Sidney Lumet,8.1,127681,https://www.imdb.com/title/tt0074958
194,Stalker,1979,Drama,2h 42min,Soviet Union,Andrei Tarkovsky,8.1,93937,https://www.imdb.com/title/tt0079944
195,Persona,1966,Drama | Thriller,1h 25min,Sweden,Ingmar Bergman,8.1,83682,https://www.imdb.com/title/tt0060827
196,Salinui chueok,2003,Thriller | Mystery | Drama | Action | Crime,2h 11min,South Korea,Joon-ho Bong,8.1,95919,https://www.imdb.com/title/tt0353969
197,Ben-Hur,1959,Drama | Adventure | History,3h 32min,USA,William Wyler,8.1,196524,https://www.imdb.com/title/tt0052618
198,Hotel Rwanda,2004,Drama | Biography | War | History,2h 1min,South Africa | Italy | UK,Terry George,8.1,307299,https://www.imdb.com/title/tt0395169
199,12 Years a Slave,2013,Drama | Biography | History,2h 14min,USA | UK,Steve McQueen,8.1,559253,https://www.imdb.com/title/tt2024544
200,Million Dollar Baby,2004,Drama | Sport,2h 12min,USA,Clint Eastwood,8.1,572767,https://www.imdb.com/title/tt0405159
201,La passion de Jeanne d'Arc,1928,Drama | Biography | History,1h 50min,France,Carl Theodor Dreyer,8.2,39077,https://www.imdb.com/title/tt0019254
202,Rush,2013,Drama | Biography | Action | Sport,2h 3min,Germany | USA | UK,Ron Howard,8.1,382423,https://www.imdb.com/title/tt1979320
203,Andrey Rublev,1966,Drama | Biography | History,3h 25min,Soviet Union,Andrei Tarkovsky,8.2,37044,https://www.imdb.com/title/tt0060107
204,Le salaire de la peur,1953,Drama | Adventure | Thriller,2h 11min,Italy | France,Henri-Georges Clouzot,8.1,46897,https://www.imdb.com/title/tt0046268
205,Before Sunrise,1995,Drama | Romance,1h 41min,Switzerland | USA | Austria,Richard Linklater,8.1,230713,https://www.imdb.com/title/tt0112471
206,Mad Max: Fury Road,2015,Adventure | Action | Thriller,2h,USA | Australia,George Miller,8.1,751310,https://www.imdb.com/title/tt1392190
207,Les quatre cents coups,1959,Drama | Crime,1h 39min,France,François Truffaut,8.1,89470,https://www.imdb.com/title/tt0053198
208,Prisoners,2013,Drama | Thriller | Mystery | Crime,2h 33min,USA,Denis Villeneuve,8.1,507543,https://www.imdb.com/title/tt1392214
209,Hachi: A Dog's Tale,2009,Drama | Family,1h 33min,USA | UK,Lasse Hallström,8.1,215104,https://www.imdb.com/title/tt1028532
210,Spotlight,2015,Drama | History | Crime,2h 9min,USA,Tom McCarthy,8.1,346838,https://www.imdb.com/title/tt1895587
211,Logan,2017,Drama | Action | Thriller,2h 17min,USA,James Mangold,8.1,525287,https://www.imdb.com/title/tt3315342
212,Rang De Basanti,2006,Drama | Comedy,2h 37min,India,Rakeysh Omprakash Mehra,8.2,97601,https://www.imdb.com/title/tt0405508
213,Amores perros,2000,Drama | Thriller,2h 34min,Mexico,Alejandro G. Iñárritu,8.1,203030,https://www.imdb.com/title/tt0245712
214,The Princess Bride,1987,Romance | Fantasy | Adventure | Family,1h 38min,USA,Rob Reiner,8.1,348679,https://www.imdb.com/title/tt0093779
215,Catch Me If You Can,2002,Drama | Biography | Crime,2h 21min,Canada | USA,Steven Spielberg,8.1,689344,https://www.imdb.com/title/tt0264464
216,Kaze no tani no Naushika,1984,Adventure | Fantasy | Animation,1h 57min,Japan | USA,Hayao Miyazaki,8.1,123985,https://www.imdb.com/title/tt0087544
217,Harry Potter and the Deathly Hallows: Part 2,2011,Drama | Fantasy | Adventure | Mystery,2h 10min,USA | UK,David Yates,8.1,670287,https://www.imdb.com/title/tt1201607
218,Butch Cassidy and the Sundance Kid,1969,Drama | Western | Biography | Crime,1h 50min,USA,George Roy Hill,8.1,182691,https://www.imdb.com/title/tt0064115
219,Rocky,1976,Drama | Sport,2h,USA,John G. Avildsen,8.1,458622,https://www.imdb.com/title/tt0075148
220,Barry Lyndon,1975,War | Drama | Adventure | History,3h 5min,USA | UK,Stanley Kubrick,8.1,128220,https://www.imdb.com/title/tt0072684
221,"Monsters, Inc.",2001,Comedy | Adventure | Animation | Family | Fantasy,1h 32min,USA,Pete Docter,8.1,715474,https://www.imdb.com/title/tt0198781
222,The Grapes of Wrath,1940,Drama | History,2h 9min,USA,John Ford,8.1,78992,https://www.imdb.com/title/tt0032551
223,The Maltese Falcon,1941,Mystery,1h 40min,USA,John Huston,8.1,137253,https://www.imdb.com/title/tt0033870
224,Dead Poets Society,1989,Drama | Comedy,2h 8min,USA,Peter Weir,8.1,353575,https://www.imdb.com/title/tt0097165
225,Donnie Darko,2001,Drama | Thriller,1h 53min,USA,Richard Kelly,8.1,682933,https://www.imdb.com/title/tt0246578
226,The Terminator,1984,Action,1h 47min,USA | UK,James Cameron,8.0,709323,https://www.imdb.com/title/tt0088247
227,Gandhi,1982,Drama | Biography | History,3h 11min,India | USA | UK,Richard Attenborough,8.1,203124,https://www.imdb.com/title/tt0083987
228,Les diaboliques,1955,Thriller | Mystery | Drama | Horror | Crime,1h 57min,France,Henri-Georges Clouzot,8.1,54973,https://www.imdb.com/title/tt0046911
229,La haine,1995,Drama | Crime,1h 38min,France,Mathieu Kassovitz,8.1,128586,https://www.imdb.com/title/tt0113247
230,Groundhog Day,1993,Comedy | Romance | Fantasy,1h 41min,USA,Harold Ramis,8.0,527321,https://www.imdb.com/title/tt0107048
231,The Wizard of Oz,1939,Fantasy | Adventure | Musical | Family,1h 42min,USA,Victor Fleming,8.0,343544,https://www.imdb.com/title/tt0032138
232,Jaws,1975,Drama | Adventure | Thriller,2h 4min,USA,Steven Spielberg,8.0,496616,https://www.imdb.com/title/tt0073195
233,Le notti di Cabiria,1957,Drama,1h 50min,Italy | France,Federico Fellini,8.1,37452,https://www.imdb.com/title/tt0050783
234,The Help,2011,Drama,2h 26min,India | USA | United Arab Emirates,Tate Taylor,8.1,382422,https://www.imdb.com/title/tt1454029
235,Faa yeung nin wa,2000,Drama | Romance,1h 38min,Hong Kong | China,Kar-Wai Wong,8.1,101673,https://www.imdb.com/title/tt0118694
236,Mandariinid,2013,Drama | War,1h 27min,Estonia | Georgia,Zaza Urushadze,8.2,31457,https://www.imdb.com/title/tt2991224
237,Before Sunset,2004,Drama | Romance,1h 20min,USA,Richard Linklater,8.1,201622,https://www.imdb.com/title/tt0381681
238,Paper Moon,1973,Drama | Comedy,1h 42min,USA,Peter Bogdanovich,8.1,36645,https://www.imdb.com/title/tt0070510
239,Ah-ga-ssi,2016,Drama | Romance | Thriller,2h 24min,South Korea,Chan-wook Park,8.1,71047,https://www.imdb.com/title/tt4016934
240,"Paris, Texas",1984,Drama,2h 25min,West Germany | France | USA | UK,Wim Wenders,8.1,71160,https://www.imdb.com/title/tt0087884
241,The Best Years of Our Lives,1946,War | Drama | Romance,2h 50min,USA,William Wyler,8.1,51979,https://www.imdb.com/title/tt0036868
242,Tenkû no shiro Rapyuta,1986,Drama | Adventure | Fantasy | Animation,2h 5min,Japan,Hayao Miyazaki,8.1,123229,https://www.imdb.com/title/tt0092067
243,Pirates of the Caribbean: The Curse of the Black Pearl,2003,Adventure | Fantasy | Action,2h 23min,USA,Gore Verbinski,8.0,943984,https://www.imdb.com/title/tt0325980
244,Blade Runner 2049,2017,Drama | Thriller | Mystery,2h 44min,Canada | Hungary | USA | UK,Denis Villeneuve,8.0,351618,https://www.imdb.com/title/tt1856101
245,La La Land,2016,Comedy | Romance | Music | Drama | Musical,2h 8min,Hong Kong | USA,Damien Chazelle,8.0,409442,https://www.imdb.com/title/tt3783958
246,Guardians of the Galaxy,2014,Adventure | Comedy | Action,2h 1min,USA,James Gunn,8.1,894940,https://www.imdb.com/title/tt2015381
247,Fanny och Alexander,1982,Drama,3h 8min,West Germany | Sweden | France,Ingmar Bergman,8.1,50821,https://www.imdb.com/title/tt0083922
248,Tsubaki Sanjûrô,1962,Drama | Action | Thriller | Crime,1h 36min,Japan,Akira Kurosawa,8.1,26345,https://www.imdb.com/title/tt0056443
249,Gangs of Wasseypur,2012,Comedy | Thriller | Drama | Action | Crime,5h 21min,India,Anurag Kashyap,8.2,66466,https://www.imdb.com/title/tt1954470
250,Drishyam ,2015,Drama | Thriller | Crime,2h 43min,India,Nishikant Kamat,8.3,51251,https://www.imdb.com/title/tt4430212
